cs_accession,starter_category,species,genus,family,order,class,phylum,kingdom,domain
CS0000126,SCFA,Streptomyces platensis,Streptomyces,Streptomycetaceae,Kitasatosporales,Actinomycetes,Actinomycetota,Bacillati,Bacteria
CS0000291,LCFA,Streptomyces fradiae,Streptomyces,Streptomycetaceae,Kitasatosporales,Actinomycetes,Actinomycetota,Bacillati,Bacteria
CS0000296,AR,Streptomyces anulatus,Streptomyces,Streptomycetaceae,Kitasatosporales,Actinomycetes,Actinomycetota,Bacillati,Bacteria
CS0000305,LCFA,Pseudomonas sp. MIS38,Pseudomonas,Pseudomonadaceae,Pseudomonadales,Gammaproteobacteria,Pseudomonadota,Pseudomonadati,Bacteria
CS0000306,LCFA,Streptomyces filamentosus,Streptomyces,Streptomycetaceae,Kitasatosporales,Actinomycetes,Actinomycetota,Bacillati,Bacteria
CS0000309,AR,Bacillus subtilis,Bacillus,Bacillaceae,Caryophanales,Bacilli,Bacillota,Bacillati,Bacteria
CS0000315,SCFA,Streptomyces coelicolor,Streptomyces,Streptomycetaceae,Kitasatosporales,Actinomycetes,Actinomycetota,Bacillati,Bacteria
CS0000323,LCFA,Pseudomonas cichorii,Pseudomonas,Pseudomonadaceae,Pseudomonadales,Gammaproteobacteria,Pseudomonadota,Pseudomonadati,Bacteria
CS0000336,LCFA,Streptomyces filamentosus,Streptomyces,Streptomycetaceae,Kitasatosporales,Actinomycetes,Actinomycetota,Bacillati,Bacteria
CS0000339,AR,Streptomyces lasalocidi,Streptomyces,Streptomycetaceae,Kitasatosporales,Actinomycetes,Actinomycetota,Bacillati,Bacteria
CS0000341,LCFA,Streptomyces fungicidicus,Streptomyces,Streptomycetaceae,Kitasatosporales,Actinomycetes,Actinomycetota,Bacillati,Bacteria
CS0000343,AR,Pseudomonas sp. J465,Pseudomonas,Pseudomonadaceae,Pseudomonadales,Gammaproteobacteria,Pseudomonadota,Pseudomonadati,Bacteria
CS0000346,SCFA,Goodfellowiella coeruleoviolacea,Goodfellowiella,Pseudonocardiaceae,Pseudonocardiales,Actinomycetes,Actinomycetota,Bacillati,Bacteria
CS0000349,SCFA,Saccharopolyspora erythraea,Saccharopolyspora,Pseudonocardiaceae,Pseudonocardiales,Actinomycetes,Actinomycetota,Bacillati,Bacteria
CS0000350,FA,uncultured organism,,,,,,,
CS0000354,LCFA,Actinoplanes friuliensis,Actinoplanes,Micromonosporaceae,Micromonosporales,Actinomycetes,Actinomycetota,Bacillati,Bacteria
CS0000359,AR,Thermobifida fusca,Thermobifida,Nocardiopsidaceae,Streptosporangiales,Actinomycetes,Actinomycetota,Bacillati,Bacteria
CS0000362,LCFA,Mycobacterium avium,Mycobacterium,Mycobacteriaceae,Mycobacteriales,Actinomycetes,Actinomycetota,Bacillati,Bacteria
CS0000363,LCFA,Mycobacteroides chelonae,Mycobacteroides,Mycobacteriaceae,Mycobacteriales,Actinomycetes,Actinomycetota,Bacillati,Bacteria
CS0000364,LCFA,Mycobacteroides abscessus,Mycobacteroides,Mycobacteriaceae,Mycobacteriales,Actinomycetes,Actinomycetota,Bacillati,Bacteria
CS0000368,AR,Streptomyces sp. ATCC 700974,Streptomyces,Streptomycetaceae,Kitasatosporales,Actinomycetes,Actinomycetota,Bacillati,Bacteria
CS0000369,LCFA,Anabaena sp. Syke748,Anabaena,Nostocaceae,Nostocales,Cyanophyceae,Cyanobacteriota,Bacillati,Bacteria
CS0000371,AR,Rhodococcus erythropolis,Rhodococcus,Nocardiaceae,Mycobacteriales,Actinomycetes,Actinomycetota,Bacillati,Bacteria
CS0000374,AR,Streptomyces griseoflavus,Streptomyces,Streptomycetaceae,Kitasatosporales,Actinomycetes,Actinomycetota,Bacillati,Bacteria
CS0000379,LCFA,Streptomyces viridochromogenes,Streptomyces,Streptomycetaceae,Kitasatosporales,Actinomycetes,Actinomycetota,Bacillati,Bacteria
CS0000381,LCFA,Bacillus licheniformis,Bacillus,Bacillaceae,Caryophanales,Bacilli,Bacillota,Bacillati,Bacteria
CS0000383,LCFA,Photorhabdus laumondii,Photorhabdus,Morganellaceae,Enterobacterales,Gammaproteobacteria,Pseudomonadota,Pseudomonadati,Bacteria
CS0000392,AR,Actinosynnema mirum,Actinosynnema,Pseudonocardiaceae,Pseudonocardiales,Actinomycetes,Actinomycetota,Bacillati,Bacteria
CS0000398,LCFA,Pseudomonas sessilinigenes,Pseudomonas,Pseudomonadaceae,Pseudomonadales,Gammaproteobacteria,Pseudomonadota,Pseudomonadati,Bacteria
CS0000399,LCFA,Pseudomonas protegens,Pseudomonas,Pseudomonadaceae,Pseudomonadales,Gammaproteobacteria,Pseudomonadota,Pseudomonadati,Bacteria
CS0000400,LCFA,Paenibacillus sp. OSY-SE,Paenibacillus,Paenibacillaceae,Caryophanales,Bacilli,Bacillota,Bacillati,Bacteria
CS0000401,AR,Paenibacillus elgii,Paenibacillus,Paenibacillaceae,Caryophanales,Bacilli,Bacillota,Bacillati,Bacteria
CS0000403,SCFA,Paenibacillus elgii,Paenibacillus,Paenibacillaceae,Caryophanales,Bacilli,Bacillota,Bacillati,Bacteria
CS0000407,LCFA,Bacillus subtilis,Bacillus,Bacillaceae,Caryophanales,Bacilli,Bacillota,Bacillati,Bacteria
CS0000408,MCFA,Paenibacillus polymyxa,Paenibacillus,Paenibacillaceae,Caryophanales,Bacilli,Bacillota,Bacillati,Bacteria
CS0000411,SCFA,Pseudomonas putida,Pseudomonas,Pseudomonadaceae,Pseudomonadales,Gammaproteobacteria,Pseudomonadota,Pseudomonadati,Bacteria
CS0000415,AR,Streptomyces griseovariabilis,Streptomyces,Streptomycetaceae,Kitasatosporales,Actinomycetes,Actinomycetota,Bacillati,Bacteria
CS0000417,AR,Rhodococcus jostii,Rhodococcus,Nocardiaceae,Mycobacteriales,Actinomycetes,Actinomycetota,Bacillati,Bacteria
CS0000425,MCFA,Pseudomonas sessilinigenes,Pseudomonas,Pseudomonadaceae,Pseudomonadales,Gammaproteobacteria,Pseudomonadota,Pseudomonadati,Bacteria
CS0000429,AR,Streptomyces sp. Acta 2897,Streptomyces,Streptomycetaceae,Kitasatosporales,Actinomycetes,Actinomycetota,Bacillati,Bacteria
CS0000431,LCFA,Streptomyces filamentosus,Streptomyces,Streptomycetaceae,Kitasatosporales,Actinomycetes,Actinomycetota,Bacillati,Bacteria
CS0000433,LCFA,Bacillus velezensis,Bacillus,Bacillaceae,Caryophanales,Bacilli,Bacillota,Bacillati,Bacteria
CS0000434,AR,Streptomyces sp. SNA15896,Streptomyces,Streptomycetaceae,Kitasatosporales,Actinomycetes,Actinomycetota,Bacillati,Bacteria
CS0000435,LCFA,Pseudomonas syringae group genomosp. 3,Pseudomonas,Pseudomonadaceae,Pseudomonadales,Gammaproteobacteria,Pseudomonadota,Pseudomonadati,Bacteria
CS0000437.1,LCFA,Pseudomonas syringae,Pseudomonas,Pseudomonadaceae,Pseudomonadales,Gammaproteobacteria,Pseudomonadota,Pseudomonadati,Bacteria
CS0000437.2,LCFA,Pseudomonas syringae,Pseudomonas,Pseudomonadaceae,Pseudomonadales,Gammaproteobacteria,Pseudomonadota,Pseudomonadati,Bacteria
CS0000438,LCFA,Pseudomonas syringae,Pseudomonas,Pseudomonadaceae,Pseudomonadales,Gammaproteobacteria,Pseudomonadota,Pseudomonadati,Bacteria
CS0000439,MCFA,Saccharomonospora piscinae,Saccharomonospora,Pseudonocardiaceae,Pseudonocardiales,Actinomycetes,Actinomycetota,Bacillati,Bacteria
CS0000443,LCFA,Pseudomonas sp. SHC52,Pseudomonas,Pseudomonadaceae,Pseudomonadales,Gammaproteobacteria,Pseudomonadota,Pseudomonadati,Bacteria
CS0000445,AR,Micromonospora sp. ML1,Micromonospora,Micromonosporaceae,Micromonosporales,Actinomycetes,Actinomycetota,Bacillati,Bacteria
CS0000447,MCFA,Pseudomonas costantinii,Pseudomonas,Pseudomonadaceae,Pseudomonadales,Gammaproteobacteria,Pseudomonadota,Pseudomonadati,Bacteria
CS0000449,MCFA,Paenibacillus terrae,Paenibacillus,Paenibacillaceae,Caryophanales,Bacilli,Bacillota,Bacillati,Bacteria
CS0000450,AR,Streptomyces triostinicus,Streptomyces,Streptomycetaceae,Kitasatosporales,Actinomycetes,Actinomycetota,Bacillati,Bacteria
CS0000454,AR,Vibrio anguillarum,Vibrio,Vibrionaceae,Vibrionales,Gammaproteobacteria,Pseudomonadota,Pseudomonadati,Bacteria
CS0000460,AR,Vibrio vulnificus,Vibrio,Vibrionaceae,Vibrionales,Gammaproteobacteria,Pseudomonadota,Pseudomonadati,Bacteria
CS0000461,MCFA,Lysobacter enzymogenes,Lysobacter,Lysobacteraceae,Lysobacterales,Gammaproteobacteria,Pseudomonadota,Pseudomonadati,Bacteria
CS0000464.1,SCFA,Xenorhabdus doucetiae,Xenorhabdus,Morganellaceae,Enterobacterales,Gammaproteobacteria,Pseudomonadota,Pseudomonadati,Bacteria
CS0000464.2,SCFA,Xenorhabdus doucetiae,Xenorhabdus,Morganellaceae,Enterobacterales,Gammaproteobacteria,Pseudomonadota,Pseudomonadati,Bacteria
CS0000958,AR,Streptomyces sp. S4,Streptomyces,Streptomycetaceae,Kitasatosporales,Actinomycetes,Actinomycetota,Bacillati,Bacteria
CS0000972,LCFA,Escherichia coli,Escherichia,Enterobacteriaceae,Enterobacterales,Gammaproteobacteria,Pseudomonadota,Pseudomonadati,Bacteria
CS0000985,LCFA,Tistrella mobilis,Tistrella,Geminicoccaceae,Geminicoccales,Alphaproteobacteria,Pseudomonadota,Pseudomonadati,Bacteria
CS0000997,LCFA,Caldimonas brevitalea,Caldimonas,Sphaerotilaceae,Burkholderiales,Betaproteobacteria,Pseudomonadota,Pseudomonadati,Bacteria
CS0001033,FA,Paenibacillus larvae,Paenibacillus,Paenibacillaceae,Caryophanales,Bacilli,Bacillota,Bacillati,Bacteria
CS0001036,LCFA,Streptomyces sp. MK498-98F14,Streptomyces,Streptomycetaceae,Kitasatosporales,Actinomycetes,Actinomycetota,Bacillati,Bacteria
CS0001039,AR,Streptomyces pyridomyceticus,Streptomyces,Streptomycetaceae,Kitasatosporales,Actinomycetes,Actinomycetota,Bacillati,Bacteria
CS0001050,LCFA,Tistrella bauzanensis,Tistrella,Geminicoccaceae,Geminicoccales,Alphaproteobacteria,Pseudomonadota,Pseudomonadati,Bacteria
CS0001095,LCFA,Bacillus velezensis,Bacillus,Bacillaceae,Caryophanales,Bacilli,Bacillota,Bacillati,Bacteria
CS0001113,SCFA,Burkholderia sp. FERM BP-3421,Burkholderia,Burkholderiaceae,Burkholderiales,Betaproteobacteria,Pseudomonadota,Pseudomonadati,Bacteria
CS0001114,SCFA,Burkholderia thailandensis,Burkholderia,Burkholderiaceae,Burkholderiales,Betaproteobacteria,Pseudomonadota,Pseudomonadati,Bacteria
CS0001116,AR,Streptomyces virginiae,Streptomyces,Streptomycetaceae,Kitasatosporales,Actinomycetes,Actinomycetota,Bacillati,Bacteria
CS0001127,LCFA,Janthinobacterium agaricidamnosum,Janthinobacterium,Oxalobacteraceae,Burkholderiales,Betaproteobacteria,Pseudomonadota,Pseudomonadati,Bacteria
CS0001133,MCFA,Xenorhabdus bovienii,Xenorhabdus,Morganellaceae,Enterobacterales,Gammaproteobacteria,Pseudomonadota,Pseudomonadati,Bacteria
CS0001149,LCFA,Pseudomonas sp. SHC52,Pseudomonas,Pseudomonadaceae,Pseudomonadales,Gammaproteobacteria,Pseudomonadota,Pseudomonadati,Bacteria
CS0001152,LCFA,Paenibacillus polymyxa,Paenibacillus,Paenibacillaceae,Caryophanales,Bacilli,Bacillota,Bacillati,Bacteria
CS0001153,MCFA,Paenibacillus polymyxa,Paenibacillus,Paenibacillaceae,Caryophanales,Bacilli,Bacillota,Bacillati,Bacteria
CS0001185,AR,Bacillus velezensis,Bacillus,Bacillaceae,Caryophanales,Bacilli,Bacillota,Bacillati,Bacteria
CS0001192,MCFA,Paenibacillus alvei,Paenibacillus,Paenibacillaceae,Caryophanales,Bacilli,Bacillota,Bacillati,Bacteria
CS0001203,MCFA,uncultured bacterium AR_456,,,,,,,Bacteria
CS0001211,SCFA,Amycolatopsis alba,Amycolatopsis,Pseudonocardiaceae,Pseudonocardiales,Actinomycetes,Actinomycetota,Bacillati,Bacteria
CS0001216,AR,Streptomyces sp. CNQ431,Streptomyces,Streptomycetaceae,Kitasatosporales,Actinomycetes,Actinomycetota,Bacillati,Bacteria
CS0001228,AR,Salinispora arenicola,Salinispora,Micromonosporaceae,Micromonosporales,Actinomycetes,Actinomycetota,Bacillati,Bacteria
CS0001230,MCFA,Streptomyces sp. CNB091,Streptomyces,Streptomycetaceae,Kitasatosporales,Actinomycetes,Actinomycetota,Bacillati,Bacteria
CS0001297,AR,Streptomyces calvus,Streptomyces,Streptomycetaceae,Kitasatosporales,Actinomycetes,Actinomycetota,Bacillati,Bacteria
CS0001345,AR,Allostigmatella aurantiaca,Allostigmatella,Archangiaceae,Myxococcales,Myxococcia,Myxococcota,Pseudomonadati,Bacteria
CS0001346,LCFA,Pseudomonas fluorescens,Pseudomonas,Pseudomonadaceae,Pseudomonadales,Gammaproteobacteria,Pseudomonadota,Pseudomonadati,Bacteria
CS0001363,LCFA,Ralstonia pseudosolanacearum,Ralstonia,Burkholderiaceae,Burkholderiales,Betaproteobacteria,Pseudomonadota,Pseudomonadati,Bacteria
CS0001370,SCFA,Streptomyces rochei,Streptomyces,Streptomycetaceae,Kitasatosporales,Actinomycetes,Actinomycetota,Bacillati,Bacteria
CS0001389,LCFA,Pseudomonas cichorii,Pseudomonas,Pseudomonadaceae,Pseudomonadales,Gammaproteobacteria,Pseudomonadota,Pseudomonadati,Bacteria
CS0001414,SCFA,Streptomyces muensis,Streptomyces,Streptomycetaceae,Kitasatosporales,Actinomycetes,Actinomycetota,Bacillati,Bacteria
CS0001437,AR,Pseudomonas fluorescens,Pseudomonas,Pseudomonadaceae,Pseudomonadales,Gammaproteobacteria,Pseudomonadota,Pseudomonadati,Bacteria
CS0001448,LCFA,uncultured bacterium,,,,,,,Bacteria
CS0001455,AR,Streptomyces argillaceus,Streptomyces,Streptomycetaceae,Kitasatosporales,Actinomycetes,Actinomycetota,Bacillati,Bacteria
CS0001502,AR,Aeromonas hydrophila,Aeromonas,Aeromonadaceae,Aeromonadales,Gammaproteobacteria,Pseudomonadota,Pseudomonadati,Bacteria
CS0001509,LCFA,Pseudomonas fluorescens,Pseudomonas,Pseudomonadaceae,Pseudomonadales,Gammaproteobacteria,Pseudomonadota,Pseudomonadati,Bacteria
CS0001519,LCFA,Streptomyces aurantiacus,Streptomyces,Streptomycetaceae,Kitasatosporales,Actinomycetes,Actinomycetota,Bacillati,Bacteria
CS0001524,MCFA,Sulfurospirillum barnesii,Sulfurospirillum,Sulfurospirillaceae,Campylobacterales,Epsilonproteobacteria,Campylobacterota,Pseudomonadati,Bacteria
CS0001536,MCFA,Brevibacillus laterosporus,Brevibacillus,Paenibacillaceae,Caryophanales,Bacilli,Bacillota,Bacillati,Bacteria
CS0001567,AR,Streptomyces lincolnensis,Streptomyces,Streptomycetaceae,Kitasatosporales,Actinomycetes,Actinomycetota,Bacillati,Bacteria
CS0001574,SCFA,Streptomyces thioluteus,Streptomyces,Streptomycetaceae,Kitasatosporales,Actinomycetes,Actinomycetota,Bacillati,Bacteria
CS0001599,MCFA,Burkholderia cenocepacia,Burkholderia,Burkholderiaceae,Burkholderiales,Betaproteobacteria,Pseudomonadota,Pseudomonadati,Bacteria
CS0001608,LCFA,Caldimonas brevitalea,Caldimonas,Sphaerotilaceae,Burkholderiales,Betaproteobacteria,Pseudomonadota,Pseudomonadati,Bacteria
CS0001614,LCFA,Planktothrix serta,Planktothrix,Microcoleaceae,Oscillatoriales,Cyanophyceae,Cyanobacteriota,Bacillati,Bacteria
CS0001628,AR,Kibdelosporangium sp. AK-AA56,Kibdelosporangium,Pseudonocardiaceae,Pseudonocardiales,Actinomycetes,Actinomycetota,Bacillati,Bacteria
CS0001629,LCFA,Pseudomonas sp. QS1027,Pseudomonas,Pseudomonadaceae,Pseudomonadales,Gammaproteobacteria,Pseudomonadota,Pseudomonadati,Bacteria
CS0001657,MCFA,Lysobacter sp. RH2180-5,Lysobacter,Lysobacteraceae,Lysobacterales,Gammaproteobacteria,Pseudomonadota,Pseudomonadati,Bacteria
CS0001695,AR,Streptomyces conglobatus,Streptomyces,Streptomycetaceae,Kitasatosporales,Actinomycetes,Actinomycetota,Bacillati,Bacteria
CS0001715,LCFA,Niallia circulans,Niallia,Bacillaceae,Caryophanales,Bacilli,Bacillota,Bacillati,Bacteria
CS0001716,SCFA,Xenorhabdus nematophila,Xenorhabdus,Morganellaceae,Enterobacterales,Gammaproteobacteria,Pseudomonadota,Pseudomonadati,Bacteria
CS0001752,AR,Streptomyces roseifaciens,Streptomyces,Streptomycetaceae,Kitasatosporales,Actinomycetes,Actinomycetota,Bacillati,Bacteria
CS0001758,SCFA,Mycetohabitans rhizoxinica,Mycetohabitans,Burkholderiaceae,Burkholderiales,Betaproteobacteria,Pseudomonadota,Pseudomonadati,Bacteria
CS0001767,SCFA,Salinispora pacifica,Salinispora,Micromonosporaceae,Micromonosporales,Actinomycetes,Actinomycetota,Bacillati,Bacteria
CS0001791,LCFA,Gynuella sunshinyii,Gynuella,Saccharospirillaceae,Oceanospirillales,Gammaproteobacteria,Pseudomonadota,Pseudomonadati,Bacteria
CS0001796,MCFA,Brevibacillus laterosporus,Brevibacillus,Paenibacillaceae,Caryophanales,Bacilli,Bacillota,Bacillati,Bacteria
CS0001806,SCFA,Pseudomonas tolaasii,Pseudomonas,Pseudomonadaceae,Pseudomonadales,Gammaproteobacteria,Pseudomonadota,Pseudomonadati,Bacteria
CS0001825,AR,Xenorhabdus nematophila,Xenorhabdus,Morganellaceae,Enterobacterales,Gammaproteobacteria,Pseudomonadota,Pseudomonadati,Bacteria
CS0001826,AR,Xenorhabdus sp. KJ12.1,Xenorhabdus,Morganellaceae,Enterobacterales,Gammaproteobacteria,Pseudomonadota,Pseudomonadati,Bacteria
CS0001833.1,MCFA,Burkholderia gladioli,Burkholderia,Burkholderiaceae,Burkholderiales,Betaproteobacteria,Pseudomonadota,Pseudomonadati,Bacteria
CS0001833.2,LCFA,Burkholderia gladioli,Burkholderia,Burkholderiaceae,Burkholderiales,Betaproteobacteria,Pseudomonadota,Pseudomonadati,Bacteria
CS0001842,LCFA,Pseudomonas fluorescens,Pseudomonas,Pseudomonadaceae,Pseudomonadales,Gammaproteobacteria,Pseudomonadota,Pseudomonadati,Bacteria
CS0001843,MCFA,Paenibacillus sp. M-152,Paenibacillus,Paenibacillaceae,Caryophanales,Bacilli,Bacillota,Bacillati,Bacteria
CS0001844,MCFA,Mycetohabitans rhizoxinica,Mycetohabitans,Burkholderiaceae,Burkholderiales,Betaproteobacteria,Pseudomonadota,Pseudomonadati,Bacteria
CS0001873,SCFA,Xenorhabdus szentirmaii,Xenorhabdus,Morganellaceae,Enterobacterales,Gammaproteobacteria,Pseudomonadota,Pseudomonadati,Bacteria
CS0001876,LCFA,Thalassospira sp. CNJ-328,Thalassospira,Thalassospiraceae,Rhodospirillales,Alphaproteobacteria,Pseudomonadota,Pseudomonadati,Bacteria
CS0001890,AR,Vibrio campbellii,Vibrio,Vibrionaceae,Vibrionales,Gammaproteobacteria,Pseudomonadota,Pseudomonadati,Bacteria
CS0001918,AR,Streptomyces sp.,Streptomyces,Streptomycetaceae,Kitasatosporales,Actinomycetes,Actinomycetota,Bacillati,Bacteria
CS0001919,AR,Streptomyces orinoci,Streptomyces,Streptomycetaceae,Kitasatosporales,Actinomycetes,Actinomycetota,Bacillati,Bacteria
CS0001967,MCFA,Streptomyces hawaiiensis,Streptomyces,Streptomycetaceae,Kitasatosporales,Actinomycetes,Actinomycetota,Bacillati,Bacteria
CS0001968,LCFA,uncultured bacterium,,,,,,,Bacteria
CS0001980,LCFA,Pseudomonas sp.,Pseudomonas,Pseudomonadaceae,Pseudomonadales,Gammaproteobacteria,Pseudomonadota,Pseudomonadati,Bacteria
CS0001984,LCFA,Streptomyces sp.,Streptomyces,Streptomycetaceae,Kitasatosporales,Actinomycetes,Actinomycetota,Bacillati,Bacteria
CS0002014,AR,Actinobacteria bacterium OK006,,,,Actinomycetes,Actinomycetota,Bacillati,Bacteria
CS0002017,AR,Nocardiopsis potens,Nocardiopsis,Nocardiopsidaceae,Streptosporangiales,Actinomycetes,Actinomycetota,Bacillati,Bacteria
CS0002037,SCFA,Pseudomonas aeruginosa,Pseudomonas,Pseudomonadaceae,Pseudomonadales,Gammaproteobacteria,Pseudomonadota,Pseudomonadati,Bacteria
CS0002044,LCFA,Massilia sp. YMA4,Massilia,Oxalobacteraceae,Burkholderiales,Betaproteobacteria,Pseudomonadota,Pseudomonadati,Bacteria
CS0002048,AR,Mycetohabitans rhizoxinica,Mycetohabitans,Burkholderiaceae,Burkholderiales,Betaproteobacteria,Pseudomonadota,Pseudomonadati,Bacteria
CS0002050,SCFA,Burkholderia sp. B8(2020),Burkholderia,Burkholderiaceae,Burkholderiales,Betaproteobacteria,Pseudomonadota,Pseudomonadati,Bacteria
CS0002071,LCFA,Pseudomonas sp. QS1027,Pseudomonas,Pseudomonadaceae,Pseudomonadales,Gammaproteobacteria,Pseudomonadota,Pseudomonadati,Bacteria
CS0002092,LCFA,Pseudomonas sp.,Pseudomonas,Pseudomonadaceae,Pseudomonadales,Gammaproteobacteria,Pseudomonadota,Pseudomonadati,Bacteria
CS0002100,MCFA,Streptomyces sp. CS147,Streptomyces,Streptomycetaceae,Kitasatosporales,Actinomycetes,Actinomycetota,Bacillati,Bacteria
CS0002108,AR,Streptomyces viridosporus,Streptomyces,Streptomycetaceae,Kitasatosporales,Actinomycetes,Actinomycetota,Bacillati,Bacteria
CS0002109,AR,Kitasatospora sp.,Kitasatospora,Streptomycetaceae,Kitasatosporales,Actinomycetes,Actinomycetota,Bacillati,Bacteria
CS0002118,SCFA,Candidatus Synoicihabitans palmerolidicus,Actomonas,Opitutaceae,Opitutales,Opitutia,Verrucomicrobiota,Pseudomonadati,Bacteria
CS0002119,MCFA,Candidatus Synoicihabitans palmerolidicus,Actomonas,Opitutaceae,Opitutales,Opitutia,Verrucomicrobiota,Pseudomonadati,Bacteria
CS0002125.1,SCFA,Chromobacterium vaccinii,Chromobacterium,Chromobacteriaceae,Neisseriales,Betaproteobacteria,Pseudomonadota,Pseudomonadati,Bacteria
CS0002125.2,SCFA,Chromobacterium vaccinii,Chromobacterium,Chromobacteriaceae,Neisseriales,Betaproteobacteria,Pseudomonadota,Pseudomonadati,Bacteria
CS0002135,LCFA,Xenorhabdus bovienii,Xenorhabdus,Morganellaceae,Enterobacterales,Gammaproteobacteria,Pseudomonadota,Pseudomonadati,Bacteria
CS0002147,SCFA,Streptomyces sp. CB02009,Streptomyces,Streptomycetaceae,Kitasatosporales,Actinomycetes,Actinomycetota,Bacillati,Bacteria
CS0002314,SCFA,Streptomyces sp. WAC 01529,Streptomyces,Streptomycetaceae,Kitasatosporales,Actinomycetes,Actinomycetota,Bacillati,Bacteria
CS0002324,AR,Archangium violaceum,Archangium,Archangiaceae,Myxococcales,Myxococcia,Myxococcota,Pseudomonadati,Bacteria
CS0002326,AR,Mycetohabitans rhizoxinica,Mycetohabitans,Burkholderiaceae,Burkholderiales,Betaproteobacteria,Pseudomonadota,Pseudomonadati,Bacteria
CS0002327,LCFA,Burkholderia gladioli,Burkholderia,Burkholderiaceae,Burkholderiales,Betaproteobacteria,Pseudomonadota,Pseudomonadati,Bacteria
CS0002336,LCFA,Burkholderia gladioli,Burkholderia,Burkholderiaceae,Burkholderiales,Betaproteobacteria,Pseudomonadota,Pseudomonadati,Bacteria
CS0002351,LCFA,Pseudomonas sp. SHC52,Pseudomonas,Pseudomonadaceae,Pseudomonadales,Gammaproteobacteria,Pseudomonadota,Pseudomonadati,Bacteria
CS0002359,MCFA,Streptomyces albus,Streptomyces,Streptomycetaceae,Kitasatosporales,Actinomycetes,Actinomycetota,Bacillati,Bacteria
CS0002367,LCFA,Streptomyces scabiei,Streptomyces,Streptomycetaceae,Kitasatosporales,Actinomycetes,Actinomycetota,Bacillati,Bacteria
CS0002373,AR,Streptomyces sp.,Streptomyces,Streptomycetaceae,Kitasatosporales,Actinomycetes,Actinomycetota,Bacillati,Bacteria
CS0002377,AR,Streptomyces sp. SNM55,Streptomyces,Streptomycetaceae,Kitasatosporales,Actinomycetes,Actinomycetota,Bacillati,Bacteria
CS0002378,AR,Streptomyces sp.,Streptomyces,Streptomycetaceae,Kitasatosporales,Actinomycetes,Actinomycetota,Bacillati,Bacteria
CS0002379,LCFA,Pseudomonas sp. RtIB026,Pseudomonas,Pseudomonadaceae,Pseudomonadales,Gammaproteobacteria,Pseudomonadota,Pseudomonadati,Bacteria
CS0002384,MCFA,Lysobacter sp.,Lysobacter,Lysobacteraceae,Lysobacterales,Gammaproteobacteria,Pseudomonadota,Pseudomonadati,Bacteria
CS0002413,AR,Yersinia frederiksenii,Yersinia,Yersiniaceae,Enterobacterales,Gammaproteobacteria,Pseudomonadota,Pseudomonadati,Bacteria
CS0002414,AR,Dickeya chrysanthemi,Dickeya,Pectobacteriaceae,Enterobacterales,Gammaproteobacteria,Pseudomonadota,Pseudomonadati,Bacteria
CS0002415,AR,Vibrio campbellii,Vibrio,Vibrionaceae,Vibrionales,Gammaproteobacteria,Pseudomonadota,Pseudomonadati,Bacteria
CS0002424,LCFA,Saccharothrix sp.,Saccharothrix,Pseudonocardiaceae,Pseudonocardiales,Actinomycetes,Actinomycetota,Bacillati,Bacteria
CS0002430,MCFA,Streptomyces kanamyceticus,Streptomyces,Streptomycetaceae,Kitasatosporales,Actinomycetes,Actinomycetota,Bacillati,Bacteria
CS0002432,MCFA,Brevibacillus laterosporus,Brevibacillus,Paenibacillaceae,Caryophanales,Bacilli,Bacillota,Bacillati,Bacteria
CS0002448,MCFA,Streptomyces violaceusniger,Streptomyces,Streptomycetaceae,Kitasatosporales,Actinomycetes,Actinomycetota,Bacillati,Bacteria
CS0002466,SCFA,Streptomyces peucetius,Streptomyces,Streptomycetaceae,Kitasatosporales,Actinomycetes,Actinomycetota,Bacillati,Bacteria
CS0002467,SCFA,Thermocrispum agreste,Thermocrispum,Pseudonocardiaceae,Pseudonocardiales,Actinomycetes,Actinomycetota,Bacillati,Bacteria
CS0002473,AR,Acinetobacter bouvetii,Acinetobacter,Moraxellaceae,Moraxellales,Gammaproteobacteria,Pseudomonadota,Pseudomonadati,Bacteria
CS0002491,AR,Pseudoalteromonas piscicida,Pseudoalteromonas,Pseudoalteromonadaceae,Alteromonadales,Gammaproteobacteria,Pseudomonadota,Pseudomonadati,Bacteria
CS0002492,AR,Myxococcus xanthus,Myxococcus,Myxococcaceae,Myxococcales,Myxococcia,Myxococcota,Pseudomonadati,Bacteria
CS0002493,AR,Paracoccus denitrificans,Paracoccus,Paracoccaceae,Rhodobacterales,Alphaproteobacteria,Pseudomonadota,Pseudomonadati,Bacteria
CS0002494,AR,Vibrio cholerae,Vibrio,Vibrionaceae,Vibrionales,Gammaproteobacteria,Pseudomonadota,Pseudomonadati,Bacteria
CS0002495,AR,Photorhabdus luminescens,Photorhabdus,Morganellaceae,Enterobacterales,Gammaproteobacteria,Pseudomonadota,Pseudomonadati,Bacteria
CS0002518,LCFA,Pseudomonas sp. SZ57,Pseudomonas,Pseudomonadaceae,Pseudomonadales,Gammaproteobacteria,Pseudomonadota,Pseudomonadati,Bacteria
CS0002521,SCFA,Pseudomonas putida,Pseudomonas,Pseudomonadaceae,Pseudomonadales,Gammaproteobacteria,Pseudomonadota,Pseudomonadati,Bacteria
CS0002522,LCFA,Pseudomonas sp.,Pseudomonas,Pseudomonadaceae,Pseudomonadales,Gammaproteobacteria,Pseudomonadota,Pseudomonadati,Bacteria
CS0002528.1,AR,Azotobacter vinelandii,Azotobacter,Pseudomonadaceae,Pseudomonadales,Gammaproteobacteria,Pseudomonadota,Pseudomonadati,Bacteria
CS0002528.2,AR,Azotobacter vinelandii,Azotobacter,Pseudomonadaceae,Pseudomonadales,Gammaproteobacteria,Pseudomonadota,Pseudomonadati,Bacteria
CS0002529,AR,Azotobacter vinelandii,Azotobacter,Pseudomonadaceae,Pseudomonadales,Gammaproteobacteria,Pseudomonadota,Pseudomonadati,Bacteria
CS0002548,LCFA,Pseudomonas sp.,Pseudomonas,Pseudomonadaceae,Pseudomonadales,Gammaproteobacteria,Pseudomonadota,Pseudomonadati,Bacteria
CS0002564,LCFA,Paraburkholderia megapolitana,Paraburkholderia,Burkholderiaceae,Burkholderiales,Betaproteobacteria,Pseudomonadota,Pseudomonadati,Bacteria
CS0002581,SCFA,Streptomyces sp.,Streptomyces,Streptomycetaceae,Kitasatosporales,Actinomycetes,Actinomycetota,Bacillati,Bacteria
CS0002638,SCFA,Streptomyces sp. WAC 00631,Streptomyces,Streptomycetaceae,Kitasatosporales,Actinomycetes,Actinomycetota,Bacillati,Bacteria
CS0002653,MCFA,Paenibacillus xylanexedens,Paenibacillus,Paenibacillaceae,Caryophanales,Bacilli,Bacillota,Bacillati,Bacteria
CS0002654,LCFA,uncultured bacterium,,,,,,,Bacteria
CS0002660,SCFA,Chitinophaga eiseniae,Chitinophaga,Chitinophagaceae,Chitinophagales,Chitinophagia,Bacteroidota,Pseudomonadati,Bacteria
CS0002661,SCFA,Streptomyces tasikensis,Streptomyces,Streptomycetaceae,Kitasatosporales,Actinomycetes,Actinomycetota,Bacillati,Bacteria
CS0002666,SCFA,Streptomyces sp. MA37,Streptomyces,Streptomycetaceae,Kitasatosporales,Actinomycetes,Actinomycetota,Bacillati,Bacteria
CS0002676,AR,Streptomyces anulatus,Streptomyces,Streptomycetaceae,Kitasatosporales,Actinomycetes,Actinomycetota,Bacillati,Bacteria
CS0002680,AR,Chromobacterium violaceum,Chromobacterium,Chromobacteriaceae,Neisseriales,Betaproteobacteria,Pseudomonadota,Pseudomonadati,Bacteria
CS0002685,AR,Rothia mucilaginosa,Rothia,Micrococcaceae,Micrococcales,Actinomycetes,Actinomycetota,Bacillati,Bacteria
CS0002688,AR,Planobispora rosea,Planobispora,Streptosporangiaceae,Streptosporangiales,Actinomycetes,Actinomycetota,Bacillati,Bacteria
CS0002689,AR,Stenotrophomonas maltophilia,Stenotrophomonas,Lysobacteraceae,Lysobacterales,Gammaproteobacteria,Pseudomonadota,Pseudomonadati,Bacteria
CS0002695,AR,Bacillus sp. WMMC1349,Bacillus,Bacillaceae,Caryophanales,Bacilli,Bacillota,Bacillati,Bacteria
CS0002696,AR,Rhodococcus erythropolis,Rhodococcus,Nocardiaceae,Mycobacteriales,Actinomycetes,Actinomycetota,Bacillati,Bacteria
CS0002697,LCFA,Streptantibioticus cattleyicolor,Streptantibioticus,Streptomycetaceae,Kitasatosporales,Actinomycetes,Actinomycetota,Bacillati,Bacteria
CS0002719,LCFA,Pseudomonas fluorescens,Pseudomonas,Pseudomonadaceae,Pseudomonadales,Gammaproteobacteria,Pseudomonadota,Pseudomonadati,Bacteria
CS0002735,LCFA,Streptomyces incarnatus,Streptomyces,Streptomycetaceae,Kitasatosporales,Actinomycetes,Actinomycetota,Bacillati,Bacteria
