,Residue weight,pKa,pKb,pI
A,71.08,2.34,9.69,6
R,156.19,2.17,9.04,10.76
N,114.11,2.02,8.8,5.41
D,115.09,1.88,9.6,2.77
C,103.15,1.96,10.28,5.07
E,129.12,2.19,9.67,3.22
Q,128.13,2.17,9.13,5.65
G,57.05,2.34,9.6,5.97
H,137.14,1.82,9.17,7.59
I,113.16,2.36,9.6,6.02
L,113.16,2.36,9.6,5.98
K,128.18,2.18,8.95,9.74
M,131.2,2.28,9.21,5.74
F,147.18,1.83,9.13,5.48
P,97.12,1.99,10.6,6.3
S,87.08,2.21,9.15,5.68
T,101.11,2.09,9.1,5.6
W,186.22,2.83,9.39,5.89
Y,163.18,2.2,9.11,5.66
V,99.13,2.32,9.62,5.96