,id,mibig_id,category,specificity_code
0,COND0000435-PSPTO_2829,BGC0000435,1,EKN
1,COND0001967-adeG,BGC0001967,0,MNN
2,COND0002135-XBJ1_RS10015,BGC0002135,0,EDH
3,COND0002521-psoA,BGC0002521,0,EMN
4,COND0000403-plpD,BGC0000403,1,LPG
5,COND0002379-PRtIB026_34660,BGC0002379,1,-TA
6,COND0002653-BS614_29910,BGC0002653,0,LAA
7,COND0002118-J6386_25975,BGC0002118,0,QPH
8,COND0001873-Xsze_RS17115,BGC0001873,0,NAA
9,COND0002071-CWE01_RS05095,BGC0002071,1,EKN
10,COND0001984-speA,BGC0001984,0,MQN
11,COND0001968-cdeI,BGC0001968,0,MQT
12,COND0000407-ppsA,BGC0000407,1,QLS
13,COND0001519-STRAU_0349,BGC0001519,1,VPT
14,COND0002697-SCATT_32630,BGC0002697,0,VAA
15,COND0001363-RSp0641,BGC0001363,0,NQI
16,COND0001192-AJM89738.1,BGC0001192,0,LAA
17,COND0001152-fusA,BGC0001152,1,RYC
18,COND0001843-EGM68_11575,BGC0001843,0,RNC
19,COND0000323-AHZ34232.1,BGC0000323,1,EKN
20,COND0001536-ATY37608.1,BGC0001536,0,REC
21,COND0002654-UHJ79953.1,BGC0002654,1,LYH
22,COND0002735-ABB07_39195,BGC0002735,0,VGT
23,COND0002050-necA,BGC0002050,0,MNN
24,COND0000399-PFL_2145,BGC0000399,1,EKN
25,COND0000400-pbtA,BGC0000400,0,MSC
26,COND0000425-sesA,BGC0000425,1,EKN
27,COND0002660-SAMN04488128_1011792,BGC0002660,0,AES
28,COND0001203-AKA59447.1,BGC0001203,0,INT
29,COND0002522-pdmA,BGC0002522,1,EKN
30,COND0001599-I35_4189,BGC0001599,0,MNV
31,COND0000362-pstA,BGC0000362,1,ISN
32,COND0001844-RBRH_RS16800,BGC0001844,0,MNN
33,COND0002367-SCAB_3321,BGC0002367,0,LQS
34,COND0001842-Pfl01_2211,BGC0001842,1,EKN
35,COND0000398-ofaA,BGC0000398,1,EKN
36,COND0002092-steA,BGC0002092,1,EKN
37,COND0000997-glbF,BGC0000997,0,MNN
38,COND0000447-taaA,BGC0000447,1,EKN
39,COND0002518-GE543_00950,BGC0002518,1,EKN
40,COND0000449-triD,BGC0000449,1,RTC
41,COND0001796-BrL25_22185,BGC0001796,0,QQV
42,COND0001370-cda2PSI,BGC0001370,0,MSS
43,COND0001980-lokA,BGC0001980,1,EKN
44,COND0001095-RBAM_018460,BGC0001095,1,QMS
45,COND0002351-thf1,BGC0002351,1,ETN
46,COND0001806-APU91750.1,BGC0001806,0,EKN
47,COND0002336-H9D14_RS10900,BGC0002336,0,TTT
48,COND0002384-QWM97319.1,BGC0002384,1,ISN
49,COND0000383-PluTT01m_09655,BGC0000383,0,MNS
50,COND0002044-DPH57_09150,BGC0002044,1,EPN
51,COND0000336-dptA,BGC0000336,0,LES
52,COND0000431-SSGG_00678,BGC0000431,0,VAS
53,COND0001050-ttbA,BGC0001050,0,MNF
54,COND0002548-banA,BGC0002548,1,EKN
55,COND0001876-ttcA,BGC0001876,0,LNN
56,COND0001791-YC6258_RS23075,BGC0001791,1,EHN
57,COND0002424-sacE,BGC0002424,0,LML
58,COND0001149-BN844_0706,BGC0001149,1,EKN
59,COND0002359-FM076_21195,BGC0002359,1,MNN
60,COND0001574-ATY72525.1,BGC0001574,0,MNA
61,COND0000433-srfAA,BGC0000433,1,QPS
62,COND0001524-Sulba_0748,BGC0001524,0,RIT
63,COND0002430-gauA,BGC0002430,0,MQT
64,COND0000341-endA,BGC0000341,0,MGS
65,COND0001657-lesA,BGC0001657,1,ISN
66,COND0001715-octA,BGC0001715,1,LSC
67,COND0001346-banA,BGC0001346,1,EKN
68,COND0002100-DBP21_21655,BGC0002100,0,MST
69,COND0000354-pstB,BGC0000354,0,MPT
70,COND0001448-mlcK,BGC0001448,0,FQT
71,COND0002666-lgnD,BGC0002666,0,LAL
72,COND0002119-J6386_25750,BGC0002119,0,QPH
73,COND0001686-BN712_00198,BGC0001686,0,QWS
74,COND0001608-AAW51_2719,BGC0001608,0,EKS
75,COND0000369-hasV,BGC0000369,1,EPS
76,COND0001230-sln9,BGC0001230,1,QNN
77,COND0002432-BRLA_c025650,BGC0002432,0,REC
78,COND0001509-A8O26_RS13975,BGC0001509,1,EKN
